Nombre,Cedula,Telefono,Direccion
Erv Varsey,407-60-7282,2357995186,3 Acker Hill
Melissa Scrowston,633-92-2279,9952602344,8493 Corscot Point
Chrysler Ellicock,654-60-7519,7774860256,258 Esker Pass
Dillie McIllroy,263-23-6181,1624323136,8418 Linden Street
Erroll Matuska,750-52-8105,9626282662,21 Tony Place
Stormie Schott,624-17-4806,2212515315,4 Summit Street
Gavin Chat,372-72-3740,5448799114,9 Daystar Junction
Ashby Tapp,781-19-7901,7242389935,17 Canary Drive
Ingelbert Wallege,422-33-2371,9706823172,19 Green Trail
Patsy Whitehurst,600-22-8605,6783260431,17 Doe Crossing Hill
Beltran Hugonet,615-62-3915,2255261848,17 Stoughton Alley
Gisella Bloxholm,767-54-0466,7789000381,70 Bonner Junction
Yetta Vamplew,727-06-7939,2405804378,061 Walton Alley
Stewart Tointon,287-17-2892,5151446915,28478 Colorado Court
Madelaine Syddie,236-17-5728,5269822315,7384 Judy Street
Babbie Kindleside,243-78-7398,5056546845,2 Bonner Alley
Arin Nesby,150-48-5830,5554944904,6 Melody Trail
Mathew Izzard,107-31-8265,4101303188,96649 Esch Drive
Demetris Couzens,145-65-7545,8881280954,01 Schurz Avenue
Brandi Bohl,450-33-4645,5186902705,3 Vera Plaza
Margaux Groombridge,625-21-4960,1971228982,982 Aberg Road
Cherida Steggals,350-80-9297,5332106282,3 Gulseth Road
Sheffy Slack,152-50-8277,4239992404,57 Sugar Plaza
Yves Elby,621-26-8964,6333880656,4 Sommers Terrace
Bryna Guille,718-78-7741,1897324627,53344 Roth Circle
Alfonso Cragg,735-62-0769,1416868461,28273 Kings Park
Shena Breukelman,506-99-7581,8108243744,9 Springview Circle
Bartram Gillions,486-34-4531,5415724821,785 1st Junction
Fletcher Creaney,667-41-4257,3481283717,8837 Talisman Center
Desiree Oades,301-73-5983,5775538212,34 Loeprich Point
Renelle Turk,762-83-2385,8671184479,98802 Scott Road
Nollie Ramsted,282-55-1453,1704963988,25 Pond Hill
Garald Tofano,382-38-1236,8925964334,3 5th Parkway
Biddie Maxted,561-18-6920,2128357360,83 Corry Avenue
Bendick Carayol,800-28-0154,5077608277,3 Summer Ridge Point
Mariska Haig,231-11-9012,6143142962,767 Spohn Court
Erma Trahar,888-88-2584,6756685499,620 Iowa Hill
Brunhilda Syvret,276-87-5307,8315784412,4989 Basil Court
Issi Hirtzmann,368-16-6642,2664149381,09 Darwin Way
Celinda Scotchmor,521-92-9399,3056328157,7 Carey Pass
Gaile Reyna,198-51-9856,1417158794,73510 Alpine Park
Vivian Dumbarton,423-92-3755,3808049516,0 Pond Parkway
Florian Nickols,507-35-5714,4408510747,6 Lotheville Hill
Alvin Berryman,436-46-1893,3971136480,66 Utah Parkway
Tallie Lindenstrauss,566-81-6635,4005481359,6 Bay Alley
Hazel Chesworth,869-23-1553,3202425405,7 Sutherland Avenue
Mitchel Hanington,384-10-7802,7091161133,35254 Clemons Point
Clemmie Slight,600-16-4097,7028467518,52100 Sheridan Way
Steven Behrend,631-94-1797,2856543132,14742 Kenwood Court
Etheline Muggeridge,695-15-8328,8389732064,102 Burning Wood Crossing
Berny Swait,475-66-5642,3315991536,30 Kenwood Court
Corbie Newton,104-89-5226,5554923958,9535 Eastlawn Avenue
Pris Tew,325-89-7759,8863618007,8 Fair Oaks Court
Gaye Limbert,206-79-5841,2343466651,56 Mendota Plaza
Ninette Kain,472-36-2946,1672896902,043 East Point
Jonell Rays,177-45-7143,1608257307,22 Eastlawn Circle
Leland Quarles,637-37-2366,9019512761,9489 Havey Street
Darrelle Swinnerton,262-90-2909,3433276878,5 Mcbride Road
Ilysa Apfel,550-22-3089,3105460782,644 Canary Junction
Ellette Hann,398-55-8490,9121839463,35498 Pepper Wood Hill
Leilah O'Crevy,277-61-7996,5748395575,9 Garrison Street
Franklin Roggers,540-64-5836,6404251985,371 Porter Avenue
Tamera Sowray,623-20-6559,8692744147,9 Bunker Hill Hill
Homere Lindenberg,449-88-6286,8516393852,26 Hooker Avenue
Perri Valde,432-88-5285,6543329409,73 Continental Crossing
Mame Mc Corley,670-10-0004,3904912041,45 Oak Trail
Barbi Whyatt,890-93-6246,7353802121,27 Gina Way
Myrtle Szepe,262-83-5245,1678096892,8148 Magdeline Street
Dennis Eschalette,174-39-1375,5885745023,086 Prairie Rose Court
Johnathan Dawtrey,681-15-4754,4909225974,89461 Pierstorff Hill
Verge Sizeland,280-09-4431,3106354396,66 Russell Alley
Guthrey Craigg,358-10-2114,2367099301,137 Kings Trail
Emylee Sorrell,571-75-4892,2497416509,976 Alpine Park
Dominga Thams,109-79-2361,1544476767,488 Eagan Circle
Corrinne Pollie,155-37-5664,4489655266,31 Monument Court
Wittie Markey,149-90-3394,5775281927,109 Hayes Way
Selle Petroulis,427-98-8423,6842175574,9860 Old Shore Court
Giustino Philips,400-62-5457,2052107674,82 Maywood Way
Ryan Imorts,365-28-0789,6821413664,8 Garrison Center
Kariotta Dimbylow,410-29-2374,3772991993,7 East Avenue
Reed De Roeck,297-53-4299,3191109585,5542 Pierstorff Court
Candra Beagin,415-49-2970,3751313868,868 Shelley Parkway
Chalmers Convery,518-23-2734,2092041271,801 Paget Way
Nealon Pendleberry,619-72-3467,8082605582,1921 Messerschmidt Pass
Christopher Dyball,482-17-8124,9684638845,0 Moland Center
Wynny Whitewood,890-98-0647,2545700797,80541 Hansons Way
Fancie Dunnett,252-28-6063,6858299556,96485 Nobel Park
Letisha Halleday,748-73-9852,1141427416,71 Carioca Junction
Nicky Alliston,231-87-4334,3196425958,379 Rigney Road
Leeanne Myatt,398-97-7155,6583562010,96640 Bultman Place
Pate Edmonston,791-25-9154,7948159697,75 Tomscot Lane
Berthe Doe,604-88-3043,8371086894,69240 Manley Circle
Karyn Bisterfeld,409-30-3269,4495872843,932 Logan Court
Flori Jillions,883-08-1252,6497663123,5 Canary Plaza
Noni Darco,542-56-0848,9053215993,169 Hanover Way
Melita Avramovitz,891-99-2173,7767870362,79153 Sunbrook Avenue
Iormina Gotts,566-63-2006,5407131076,45 Moose Road
Ab Fauguel,304-84-1366,1264663098,056 Scott Alley
Andie Keddie,101-87-0078,7415990257,87601 Milwaukee Court
Traci Iacobucci,233-93-7818,5072867468,85 Hallows Point
